groups;name_group;num;new_name_group
nosology;Эссенциальная [первичная] гипертензия;547;эссенциальная [первичная] гипертензия
nosology;Миалгия;236;миалгия
nosology;Застойная сердечная недостаточность;234;застойная сердечная недостаточность
nosology;Боль в суставе;232;боль в суставе
nosology;Стенокардия [грудная жаба];207;стенокардия [грудная жаба]
nosology;Головная боль;187;головная боль
nosology;Инфаркт мозга;183;инфаркт мозга
nosology;Острая инфекция верхних дыхательных путей неуточненная;163;острая инфекция верхних дыхательных путей неуточненная
nosology;Мигрень;140;мигрень
nosology;Острый фарингит;136;острый фарингит
nosology;Острый тонзиллит;122;острый тонзиллит
nosology;Полиартроз;119;полиартроз
nosology;Грипп, вызванный идентифицированным вирусом гриппа;115;грипп, вызванный идентифицированным вирусом гриппа
nosology;Острый назофарингит [насморк];113;острый назофарингит [насморк]
nosology;Острый инфаркт миокарда;112;острый инфаркт миокарда
nosology;Подагра;110;подагра
nosology;Смешанная гиперлипидемия;101;смешанная гиперлипидемия
nosology;Чистая гиперхолестеринемия;101;чистая гиперхолестеринемия
nosology;Запор;97;запор
nosology;Серопозитивный ревматоидный артрит;97;серопозитивный ревматоидный артрит
nosology;Острый синусит;83;острый синусит
nosology;Острый ларингит и трахеит;78;острый ларингит и трахеит
nosology;Изжога;75;изжога
nosology;Расстройства личности и поведения, обусловленные болезнью, повреждением или дисфункцией головного мозга;73;расстройства личности и поведения, обусловленные болезнью, повреждением или дисфункцией головного мозга
nosology;Диспепсия;71;диспепсия
nosology;Язва желудка;69;язва желудка
nosology;Неврастения;68;неврастения
nosology;Артроз неуточненный;66;артроз неуточненный
nosology;Геморрой и перианальный венозный тромбоз;62;геморрой и перианальный венозный тромбоз
nosology;Гломерулярные поражения при сахарном диабете (E10-E14+ с общим четвертым знаком .2);62;гломерулярные поражения при сахарном диабете (e10-e14+ с общим четвертым знаком .2)
nosology;Атеросклероз;60;атеросклероз
nosology;Гастроэзофагеальный рефлюкс с эзофагитом;60;гастроэзофагеальный рефлюкс с эзофагитом
nosology;Тошнота и рвота;60;тошнота и рвота
nosology;Чистая гиперглицеридемия;60;чистая гиперглицеридемия
nosology;Сосудистая деменция;54;сосудистая деменция
nosology;Язва двенадцатиперстной кишки;53;язва двенадцатиперстной кишки
nosology;Острый ларингит;52;острый ларингит
nosology;Гастроэзофагеальный рефлюкс;48;гастроэзофагеальный рефлюкс
nosology;Гнойный и неуточненный средний отит;48;гнойный и неуточненный средний отит
nosology;Внутричерепная травма;47;внутричерепная травма
nosology;Кандидозный стоматит;47;кандидозный стоматит
nosology;Преходящие транзиторные церебральные ишемические приступы [атаки] и родственные синдромы;47;преходящие транзиторные церебральные ишемические приступы [атаки] и родственные синдромы
nosology;Хронический ринит, назофарингит и фарингит;46;хронический ринит, назофарингит и фарингит
nosology;Остеохондроз позвоночника;45;остеохондроз позвоночника
nosology;Соматоформная дисфункция вегетативной нервной системы;45;соматоформная дисфункция вегетативной нервной системы
nosology;Хронический тонзиллит;45;хронический тонзиллит
nosology;Головокружение и нарушение устойчивости;44;головокружение и нарушение устойчивости
nosology;Нестабильная стенокардия;43;нестабильная стенокардия
nosology;Другие уточненные изменения зубов и их опорного аппарата;42;другие уточненные изменения зубов и их опорного аппарата
nosology;Ишемическая болезнь сердца;42;ишемическая болезнь сердца
nosology;Стенокардия с документально подтвержденным спазмом;41;стенокардия с документально подтвержденным спазмом
nosology;Хроническая почечная недостаточность;40;хроническая почечная недостаточность
nosology;Хронический фарингит;40;хронический фарингит
nosology;Венозная недостаточность (хроническая) (периферическая);39;венозная недостаточность (хроническая) (периферическая)
nosology;Холецистит;39;холецистит
nosology;Лихорадка неясного происхождения;38;лихорадка неясного происхождения
nosology;Трещина и свищ области заднего прохода и прямой кишки;35;трещина и свищ области заднего прохода и прямой кишки
nosology;Мокрота;34;мокрота
nosology;Варикозное расширение вен нижних конечностей с язвой и воспалением;33;варикозное расширение вен нижних конечностей с язвой и воспалением
nosology;Другие уточненные профилактические меры;33;другие уточненные профилактические меры
nosology;Аллергический ринит, вызванный пыльцой растений;31;аллергический ринит, вызванный пыльцой растений
nosology;Острый бронхит;31;острый бронхит
nosology;Синдром раздраженного кишечника;30;синдром раздраженного кишечника
nosology;Функциональная диарея;30;функциональная диарея
nosology;Кашель;29;кашель
nosology;Кистозный фиброз;29;кистозный фиброз
nosology;Эзофагит;29;эзофагит
nosology;Кишечные инфекции;28;кишечные инфекции
nosology;Наджелудочковая тахикардия;28;наджелудочковая тахикардия
nosology;Артрит неуточненный;27;артрит неуточненный
nosology;Фиброз и цирроз печени;27;фиброз и цирроз печени
nosology;Гастрит и дуоденит;26;гастрит и дуоденит
nosology;Гингивит и болезни пародонта;26;гингивит и болезни пародонта
nosology;Диарея и гастроэнтерит предположительно инфекционного происхождения;26;диарея и гастроэнтерит предположительно инфекционного происхождения
nosology;Другие сальмонеллезные инфекции;26;другие сальмонеллезные инфекции
nosology;Спондилез;25;спондилез
nosology;Подготовительные процедуры для последующего лечения, не классифицированные в других рубриках;24;подготовительные процедуры для последующего лечения, не классифицированные в других рубриках
nosology;Психическое и поведенческое расстройство, вызванное употреблением алкоголя. Абстинентное состояние;24;психическое и поведенческое расстройство, вызванное употреблением алкоголя. абстинентное состояние
nosology;Другие аллергические риниты;23;другие аллергические риниты
nosology;Инфекции, вызванные вирусом герпеса [herpes simplex];23;инфекции, вызванные вирусом герпеса [herpes simplex]
nosology;Шигеллез;23;шигеллез
nosology;Другие уточненные нарушения внутренней секреции поджелудочной железы;22;другие уточненные нарушения внутренней секреции поджелудочной железы
nosology;Хронический вирусный гепатит B без дельта-агента;22;хронический вирусный гепатит b без дельта-агента
nosology;Аногенитальная герпетическая вирусная инфекция [herpes simplex];21;аногенитальная герпетическая вирусная инфекция [herpes simplex]
nosology;Реноваскулярная гипертензия;21;реноваскулярная гипертензия
nosology;Хронический вирусный гепатит C;21;хронический вирусный гепатит c
nosology;Алкогольная болезнь печени;20;алкогольная болезнь печени
nosology;Миозит;20;миозит
nosology;Пептическая язва неуточненной локализации;20;пептическая язва неуточненной локализации
nosology;Хронический бронхит неуточненный;19;хронический бронхит неуточненный
nosology;Болезни органов пищеварения, осложняющие беременность, деторождение и послеродовой период;18;болезни органов пищеварения, осложняющие беременность, деторождение и послеродовой период
nosology;Трихомониаз;18;трихомониаз
nosology;Хронический гепатит, не классифицированный в других рубриках;18;хронический гепатит, не классифицированный в других рубриках
nosology;Геморрой;17;геморрой
nosology;Другие и неуточненные боли в области живота;17;другие и неуточненные боли в области живота
nosology;Метеоризм и родственные состояния;17;метеоризм и родственные состояния
nosology;Хронический нефритический синдром;17;хронический нефритический синдром
nosology;Бактериальная пневмония, не классифицированная в других рубриках;16;бактериальная пневмония, не классифицированная в других рубриках
nosology;Воспаление и закупорка слуховой [евстахиевой] трубы;16;воспаление и закупорка слуховой [евстахиевой] трубы
nosology;Острый гепатит A;16;острый гепатит a
nosology;Острый гепатит B;16;острый гепатит b
nosology;Пародонтоз;16;пародонтоз
nosology;Перитонит;16;перитонит
nosology;Фибрилляция и трепетание предсердий;16;фибрилляция и трепетание предсердий
nosology;Аногенитальный зуд неуточненный;15;аногенитальный зуд неуточненный
nosology;Варикозное расширение вен нижних конечностей;15;варикозное расширение вен нижних конечностей
nosology;Гонартроз [артроз коленного сустава];15;гонартроз [артроз коленного сустава]
nosology;Шизофрения;15;шизофрения
nosology;Болезнь Паркинсона;14;болезнь паркинсона
nosology;Другие уточненные болезни заднего прохода и прямой кишки;14;другие уточненные болезни заднего прохода и прямой кишки
nosology;Желудочковая тахикардия;14;желудочковая тахикардия
nosology;Синдром Рейно;14;синдром рейно
nosology;Цистит;14;цистит
nosology;Болезнь Альцгеймера;13;болезнь альцгеймера
nosology;Боль в горле;13;боль в горле
nosology;Доброкачественное новообразование надпочечника;13;доброкачественное новообразование надпочечника
nosology;Острый гепатит C;13;острый гепатит c
nosology;Последствия цереброваскулярных болезней;13;последствия цереброваскулярных болезней
nosology;Синдром преждевременного возбуждения;13;синдром преждевременного возбуждения
nosology;Болезнь Крона [регионарный энтерит];12;болезнь крона [регионарный энтерит]
nosology;Боли, локализованные в верхней части живота;12;боли, локализованные в верхней части живота
nosology;Вазомоторный и аллергический ринит;12;вазомоторный и аллергический ринит
nosology;Вторичная гипертензия;12;вторичная гипертензия
nosology;Деменция неуточненная;12;деменция неуточненная
nosology;Ожирение;12;ожирение
nosology;Пиодермия;12;пиодермия
nosology;Тиреотоксикоз [гипертиреоз];12;тиреотоксикоз [гипертиреоз]
nosology;Флебит и тромбофлебит;12;флебит и тромбофлебит
nosology;Флебит и тромбофлебит поверхностных сосудов нижних конечностей;12;флебит и тромбофлебит поверхностных сосудов нижних конечностей
nosology;Эмфизема;12;эмфизема
nosology;Язвенный колит;12;язвенный колит
nosology;Амебиаз;11;амебиаз
nosology;Вазомоторный ринит;11;вазомоторный ринит
nosology;Гипокалиемия;11;гипокалиемия
nosology;Диабетическая ретинопатия (E10-E14+ с общим четвертым знаком .3);11;диабетическая ретинопатия (e10-e14+ с общим четвертым знаком .3)
nosology;Другие бактериальные пищевые отравления;11;другие бактериальные пищевые отравления
nosology;Желчнокаменная болезнь [холелитиаз];11;желчнокаменная болезнь [холелитиаз]
nosology;Коклюш;11;коклюш
nosology;Синдром прорезывания зубов;11;синдром прорезывания зубов
nosology;Эпилепсия;11;эпилепсия
nosology;Болезни мягких тканей, связанные с нагрузкой, перегрузкой и давлением;10;болезни мягких тканей, связанные с нагрузкой, перегрузкой и давлением
nosology;Болезнь периферических сосудов неуточненная;10;болезнь периферических сосудов неуточненная
nosology;Гастроэзофагеальный рефлюкс без эзофагита;10;гастроэзофагеальный рефлюкс без эзофагита
nosology;Дисфункция после колостомии и энтеростомии;10;дисфункция после колостомии и энтеростомии
nosology;Другие болезни периферических сосудов;10;другие болезни периферических сосудов
nosology;Другие формы стенокардии;10;другие формы стенокардии
nosology;Острые инфекции верхних дыхательных путей множественной и неуточненной локализации;10;острые инфекции верхних дыхательных путей множественной и неуточненной локализации
nosology;Токсическое поражение печени;10;токсическое поражение печени
nosology;Хронический вирусный гепатит;10;хронический вирусный гепатит
nosology;Хронический ларингит и ларинготрахеит;10;хронический ларингит и ларинготрахеит
nosology;Анкилозирующий спондилит;9;анкилозирующий спондилит
nosology;Другие уточненные болезни кишечника;9;другие уточненные болезни кишечника
nosology;Другие уточненные функциональные кишечные нарушения;9;другие уточненные функциональные кишечные нарушения
nosology;Жиардиаз [лямблиоз];9;жиардиаз [лямблиоз]
nosology;Злокачественное новообразование поджелудочной железы;9;злокачественное новообразование поджелудочной железы
nosology;Коксартроз [артроз тазобедренного сустава];9;коксартроз [артроз тазобедренного сустава]
nosology;Окклюзии сосудов сетчатки;9;окклюзии сосудов сетчатки
nosology;Отек, не классифицированный в других рубриках;9;отек, не классифицированный в других рубриках
nosology;Переутомление;9;переутомление
nosology;Псориатические и энтеропатические артропатии;9;псориатические и энтеропатические артропатии
nosology;Хронический холецистит;9;хронический холецистит
nosology;Энтероколит, вызванный Clostridium difficile;9;энтероколит, вызванный clostridium difficile
nosology;Вывих, растяжение и перенапряжение капсульно-связочного аппаратата сустава неуточненной области тела;8;вывих, растяжение и перенапряжение капсульно-связочного аппаратата сустава неуточненной области тела
nosology;Глаукома;8;глаукома
nosology;Другая хроническая обструктивная легочная болезнь;8;другая хроническая обструктивная легочная болезнь
nosology;Корь;8;корь
nosology;Лимфоотек, не классифицированный в других рубриках;8;лимфоотек, не классифицированный в других рубриках
nosology;Нарушение сна неуточненное;8;нарушение сна неуточненное
nosology;Невралгия и неврит неуточненные;8;невралгия и неврит неуточненные
nosology;Невротическое расстройство неуточненное;8;невротическое расстройство неуточненное
nosology;Острый ларинготрахеит;8;острый ларинготрахеит
nosology;Поверхностная травма неуточненной области тела;8;поверхностная травма неуточненной области тела
nosology;Раздражительность и озлобление;8;раздражительность и озлобление
nosology;Реактивные артропатии;8;реактивные артропатии
nosology;Туберкулез органов дыхания, подтвержденный бактериологически и гистологически;8;туберкулез органов дыхания, подтвержденный бактериологически и гистологически
nosology;Фоновая ретинопатия и ретинальные сосудистые изменения;8;фоновая ретинопатия и ретинальные сосудистые изменения
nosology;Болезнь сустава неуточненная;7;болезнь сустава неуточненная
nosology;Боль в области сердца;7;боль в области сердца
nosology;Внутримозговое кровоизлияние;7;внутримозговое кровоизлияние
nosology;Другая и неуточненная преждевременная деполяризация;7;другая и неуточненная преждевременная деполяризация
nosology;Другие бактериальные кишечные инфекции;7;другие бактериальные кишечные инфекции
nosology;Другие болезни кишечника;7;другие болезни кишечника
nosology;Другие сезонные аллергические риниты;7;другие сезонные аллергические риниты
nosology;Ипохондрическое расстройство;7;ипохондрическое расстройство
nosology;Нарушения вестибулярной функции;7;нарушения вестибулярной функции
nosology;Недостаточность других уточненных элементов питания;7;недостаточность других уточненных элементов питания
nosology;Недостаточность магния;7;недостаточность магния
nosology;Постфлебитический синдром;7;постфлебитический синдром
nosology;Стрессовое состояние, не классифицированное в других рубриках;7;стрессовое состояние, не классифицированное в других рубриках
nosology;Энцефалопатия неуточненная;7;энцефалопатия неуточненная
nosology;Адгезивный капсулит плеча;6;адгезивный капсулит плеча
nosology;Аногенитальные (венерические) бородавки;6;аногенитальные (венерические) бородавки
nosology;Анорексия;6;анорексия
nosology;Болезнь Рейтера;6;болезнь рейтера
nosology;Гемангиома любой локализации;6;гемангиома любой локализации
nosology;Грипп, вирус не идентифицирован;6;грипп, вирус не идентифицирован
nosology;Деменция при болезни Альцгеймера (G30.-+);6;деменция при болезни альцгеймера (g30.-+)
nosology;Дисфункция гипоталамуса, не классифицированная в других рубриках;6;дисфункция гипоталамуса, не классифицированная в других рубриках
nosology;Другие инфекции Венсана;6;другие инфекции венсана
nosology;Другие уточненные невротические расстройства;6;другие уточненные невротические расстройства
nosology;Другие уточненные поражения мочевого пузыря;6;другие уточненные поражения мочевого пузыря
nosology;Другие уточненные послехирургические состояния;6;другие уточненные послехирургические состояния
nosology;Другой уточненный дерматит;6;другой уточненный дерматит
nosology;Злокачественное новообразование мозгового слоя надпочечника;6;злокачественное новообразование мозгового слоя надпочечника
nosology;Крапивница;6;крапивница
nosology;Локализованный отек;6;локализованный отек
nosology;Мочекаменная болезнь;6;мочекаменная болезнь
nosology;Недержание мочи неуточненное;6;недержание мочи неуточненное
nosology;Нервная анорексия;6;нервная анорексия
nosology;Острый панкреатит;6;острый панкреатит
nosology;Тиф и паратиф;6;тиф и паратиф
nosology;Холера;6;холера
nosology;Хронический ринит;6;хронический ринит
nosology;Астма;5;астма
nosology;Гиперальдостеронизм;5;гиперальдостеронизм
nosology;Гломерулярные поражения при других болезнях, классифицированных в других рубриках;5;гломерулярные поражения при других болезнях, классифицированных в других рубриках
nosology;Другие уточненные миопатии;5;другие уточненные миопатии
nosology;Другие уточненные неинфекционные болезни лимфатических сосудов и лимфатических узлов;5;другие уточненные неинфекционные болезни лимфатических сосудов и лимфатических узлов
nosology;Закупорка желчного протока;5;закупорка желчного протока
nosology;Митохондриальная миопатия, не классифицированная в других рубриках;5;митохондриальная миопатия, не классифицированная в других рубриках
nosology;Нарушение активности и внимания;5;нарушение активности и внимания
nosology;Нарушения обмена кальция;5;нарушения обмена кальция
nosology;Острая боль;5;острая боль
nosology;Перелом в неуточненной области тела;5;перелом в неуточненной области тела
nosology;Радикулопатия;5;радикулопатия
nosology;Синдром Мендельсона;5;синдром мендельсона
nosology;Стоматит и родственные поражения;5;стоматит и родственные поражения
nosology;Хламидийные инфекции нижних отделов мочеполового тракта;5;хламидийные инфекции нижних отделов мочеполового тракта
nosology;Эндометриоз;5;эндометриоз
nosology;Бронхоэктатическая болезнь;4;бронхоэктатическая болезнь
nosology;Депрессивный эпизод;4;депрессивный эпизод
nosology;Другая септицемия;4;другая септицемия
nosology;Другие периферические головокружения;4;другие периферические головокружения
nosology;Другие уточненные болезни желудка и двенадцатиперстной кишки;4;другие уточненные болезни желудка и двенадцатиперстной кишки
nosology;Другие уточненные виды недержания мочи;4;другие уточненные виды недержания мочи
nosology;Кандидоз;4;кандидоз
nosology;Менингококковая инфекция;4;менингококковая инфекция
nosology;Недостаточность витаминов группы B неуточненная;4;недостаточность витаминов группы b неуточненная
nosology;Несахарный диабет;4;несахарный диабет
nosology;Нефротический синдром;4;нефротический синдром
nosology;Облитерирующий тромбангиит [болезнь Бюргера];4;облитерирующий тромбангиит [болезнь бюргера]
nosology;Опоясывающий лишай [herpes zoster];4;опоясывающий лишай [herpes zoster]
nosology;Остеомиелит;4;остеомиелит
nosology;Острый холецистит;4;острый холецистит
nosology;Оталгия;4;оталгия
nosology;Периферическая ангиопатия при болезнях, классифицированных в других рубриках;4;периферическая ангиопатия при болезнях, классифицированных в других рубриках
nosology;Печеночная недостаточность, не классифицированная в других рубриках;4;печеночная недостаточность, не классифицированная в других рубриках
nosology;Псориаз;4;псориаз
nosology;Расстройство режима сна и бодрствования неорганической этиологии;4;расстройство режима сна и бодрствования неорганической этиологии
nosology;Реакция на тяжелый стресс и нарушения адаптации;4;реакция на тяжелый стресс и нарушения адаптации
nosology;Рекуррентное депрессивное расстройство;4;рекуррентное депрессивное расстройство
nosology;Синдром запястного канала;4;синдром запястного канала
nosology;Синовиты и теносиновиты;4;синовиты и теносиновиты
nosology;Скарлатина;4;скарлатина
nosology;Стрептококковая септицемия;4;стрептококковая септицемия
nosology;Хронический синусит;4;хронический синусит
nosology;Церебральный атеросклероз;4;церебральный атеросклероз
nosology;Агранулоцитоз;3;агранулоцитоз
nosology;Аденовирусы как причина болезней, классифицированных в других рубриках;3;аденовирусы как причина болезней, классифицированных в других рубриках
nosology;Аллергическая пурпура;3;аллергическая пурпура
nosology;Бактериальная кишечная инфекция неуточненная;3;бактериальная кишечная инфекция неуточненная
nosology;Бактериальное пищевое отравление неуточненное;3;бактериальное пищевое отравление неуточненное
nosology;Вирусные бородавки;3;вирусные бородавки
nosology;Воспалительные болезни предстательной железы;3;воспалительные болезни предстательной железы
nosology;Герпетическая болезнь глаз;3;герпетическая болезнь глаз
nosology;Головная боль напряженного типа;3;головная боль напряженного типа
nosology;Дегенерация сосудистой оболочки глаза;3;дегенерация сосудистой оболочки глаза
nosology;Дорсалгия;3;дорсалгия
nosology;Другая постоянная боль;3;другая постоянная боль
nosology;Другие артрозы;3;другие артрозы
nosology;Другие болезни капилляров;3;другие болезни капилляров
nosology;Другие бурсопатии;3;другие бурсопатии
nosology;Другие гастриты;3;другие гастриты
nosology;Другие острые конъюнктивиты;3;другие острые конъюнктивиты
nosology;Идиопатическая тромбоцитопеническая пурпура;3;идиопатическая тромбоцитопеническая пурпура
nosology;Иммунодефицит неуточненный;3;иммунодефицит неуточненный
nosology;Инсулинзависимый сахарный диабет;3;инсулинзависимый сахарный диабет
nosology;Инсулинзависимый сахарный диабет с кетоацидозом;3;инсулинзависимый сахарный диабет с кетоацидозом
nosology;Инсулинзависимый сахарный диабет с комой;3;инсулинзависимый сахарный диабет с комой
nosology;Инсулиннезависимый сахарный диабет;3;инсулиннезависимый сахарный диабет
nosology;Инсулиннезависимый сахарный диабет с кетоацидозом;3;инсулиннезависимый сахарный диабет с кетоацидозом
nosology;Инсулиннезависимый сахарный диабет с комой;3;инсулиннезависимый сахарный диабет с комой
nosology;Ишиас;3;ишиас
nosology;Кардиомиопатия;3;кардиомиопатия
nosology;Лимфангит;3;лимфангит
nosology;Нарушение сердечного ритма неуточненное;3;нарушение сердечного ритма неуточненное
nosology;Нарушения обмена меди;3;нарушения обмена меди
nosology;Острый трахеит;3;острый трахеит
nosology;Отравление сердечными гликозидами и препаратами аналогичного действия;3;отравление сердечными гликозидами и препаратами аналогичного действия
nosology;Последствия травм головы;3;последствия травм головы
nosology;Респираторно-синцитиальный вирус как причина болезней, классифицированных в других рубриках;3;респираторно-синцитиальный вирус как причина болезней, классифицированных в других рубриках
nosology;Ретинальное кровоизлияние;3;ретинальное кровоизлияние
nosology;Рожа;3;рожа
nosology;Судорога и спазм;3;судорога и спазм
nosology;Сыпной тиф;3;сыпной тиф
nosology;Токсическое действие мыл и детергентов;3;токсическое действие мыл и детергентов
nosology;Угри;3;угри
nosology;Укачивание при движении;3;укачивание при движении
nosology;Фобические тревожные расстройства;3;фобические тревожные расстройства
nosology;Хламидийные инфекции органов малого таза и других мочеполовых органов;3;хламидийные инфекции органов малого таза и других мочеполовых органов
nosology;Холангит;3;холангит
nosology;Хронический конъюнктивит;3;хронический конъюнктивит
nosology;Энтеропатогенная инфекция, вызванная Escherichia coli;3;энтеропатогенная инфекция, вызванная escherichia coli
nosology;Абсцесс кожи, фурункул и карбункул;2;абсцесс кожи, фурункул и карбункул
nosology;Алкогольная полиневропатия;2;алкогольная полиневропатия
nosology;Анальгезирующие, жаропонижающие и противовоспалительные средства;2;анальгезирующие, жаропонижающие и противовоспалительные средства
nosology;Асфиксия;2;асфиксия
nosology;Болезни голосовых складок и гортани, не классифицированные в других рубриках;2;болезни голосовых складок и гортани, не классифицированные в других рубриках
nosology;Болезни пульпы и периапикальных тканей;2;болезни пульпы и периапикальных тканей
nosology;Болезнь Меньера;2;болезнь меньера
nosology;Бруцеллез;2;бруцеллез
nosology;Вагинит, вульвит и вульвовагинит при инфекционных и паразитарных болезнях, классифицированных в других рубриках;2;вагинит, вульвит и вульвовагинит при инфекционных и паразитарных болезнях, классифицированных в других рубриках
nosology;Вирусные и другие уточненные кишечные инфекции;2;вирусные и другие уточненные кишечные инфекции
nosology;Врожденная инфекция, вызванная вирусом простого герпеса [herpes simplex];2;врожденная инфекция, вызванная вирусом простого герпеса [herpes simplex]
nosology;Вторичная дисменорея;2;вторичная дисменорея
nosology;Герпетический гингивостоматит и фаринготонзиллит;2;герпетический гингивостоматит и фаринготонзиллит
nosology;Гипертензивная энцефалопатия;2;гипертензивная энцефалопатия
nosology;Гипертрофия аденоидов;2;гипертрофия аденоидов
nosology;Дегенерация макулы и заднего полюса;2;дегенерация макулы и заднего полюса
nosology;Дисфония;2;дисфония
nosology;Дорсалгия неуточненная;2;дорсалгия неуточненная
nosology;Другие атопические дерматиты;2;другие атопические дерматиты
nosology;Другие неинфекционные гастроэнтериты и колиты;2;другие неинфекционные гастроэнтериты и колиты
nosology;Другие острые вирусные гепатиты;2;другие острые вирусные гепатиты
nosology;Другие спондилопатии;2;другие спондилопатии
nosology;Другие уточненные бактериальные кишечные инфекции;2;другие уточненные бактериальные кишечные инфекции
nosology;Другие уточненные виды недостаточности питания;2;другие уточненные виды недостаточности питания
nosology;Другие уточненные нарушения сердечного ритма;2;другие уточненные нарушения сердечного ритма
nosology;Другие хронические панкреатиты;2;другие хронические панкреатиты
nosology;Задержка мочи;2;задержка мочи
nosology;Задержка развития, обусловленная белково-энергетической недостаточностью;2;задержка развития, обусловленная белково-энергетической недостаточностью
nosology;Злокачественная тучноклеточная опухоль;2;злокачественная тучноклеточная опухоль
nosology;Кардиогенный шок;2;кардиогенный шок
nosology;Кератоконъюнктивит;2;кератоконъюнктивит
nosology;Левожелудочковая недостаточность;2;левожелудочковая недостаточность
nosology;Наружный отит;2;наружный отит
nosology;Недомогание и утомляемость;2;недомогание и утомляемость
nosology;Неинфекционный гастроэнтерит и колит неуточненный;2;неинфекционный гастроэнтерит и колит неуточненный
nosology;ОСТРЫЕ РЕСПИРАТОРНЫЕ ИНФЕКЦИИ ВЕРХНИХ ДЫХАТЕЛЬНЫХ ПУТЕЙ;2;острые респираторные инфекции верхних дыхательных путей
nosology;Острый тубулоинтерстициальный нефрит;2;острый тубулоинтерстициальный нефрит
nosology;Первичная дисменорея;2;первичная дисменорея
nosology;Подострый склерозирующий панэнцефалит;2;подострый склерозирующий панэнцефалит
nosology;Поражение сустава неуточненное;2;поражение сустава неуточненное
nosology;Порфирия кожная медленная;2;порфирия кожная медленная
nosology;Последствия полиомиелита;2;последствия полиомиелита
nosology;Постхолецистэктомический синдром;2;постхолецистэктомический синдром
nosology;Противогрибковые антибиотики системного действия;2;противогрибковые антибиотики системного действия
nosology;Психические и поведенческие расстройства, вызванные употреблением алкоголя;2;психические и поведенческие расстройства, вызванные употреблением алкоголя
nosology;Психические и поведенческие расстройства, вызванные употреблением каннабиоидов;2;психические и поведенческие расстройства, вызванные употреблением каннабиоидов
nosology;Психические и поведенческие расстройства, вызванные употреблением опиоидов;2;психические и поведенческие расстройства, вызванные употреблением опиоидов
nosology;Психическое и поведенческое расстройство, вызванное употреблением алкоголя. Абстинентное состояние с делирием;2;психическое и поведенческое расстройство, вызванное употреблением алкоголя. абстинентное состояние с делирием
nosology;Психическое и поведенческое расстройство, вызванное употреблением алкоголя. Синдром зависимости;2;психическое и поведенческое расстройство, вызванное употреблением алкоголя. синдром зависимости
nosology;Рассеянный склероз;2;рассеянный склероз
nosology;Ротавирусный энтерит;2;ротавирусный энтерит
nosology;Синдром вертебробазилярной артериальной системы;2;синдром вертебробазилярной артериальной системы
nosology;Стафилококковое пищевое отравление;2;стафилококковое пищевое отравление
nosology;Токсическое действие металлов;2;токсическое действие металлов
nosology;Трещина заднего прохода неуточненная;2;трещина заднего прохода неуточненная
nosology;Узелки голосовых складок;2;узелки голосовых складок
nosology;Уменьшение объема жидкости;2;уменьшение объема жидкости
nosology;Умственная отсталость неуточненная;2;умственная отсталость неуточненная
nosology;Уретрит и уретральный синдром;2;уретрит и уретральный синдром
nosology;Уретрит при болезнях, классифицированных в других рубриках;2;уретрит при болезнях, классифицированных в других рубриках
nosology;Хроническая печеночная недостаточность;2;хроническая печеночная недостаточность
nosology;ХРОНИЧЕСКИЕ БОЛЕЗНИ НИЖНИХ ДЫХАТЕЛЬНЫХ ПУТЕЙ;2;хронические болезни нижних дыхательных путей
nosology;Хронический вирусный гепатит неуточненный;2;хронический вирусный гепатит неуточненный
nosology;Хронический ларинготрахеит;2;хронический ларинготрахеит
nosology;Хронический тубулоинтерстициальный нефрит;2;хронический тубулоинтерстициальный нефрит
nosology;Анафилактический шок неуточненный;1;анафилактический шок неуточненный
nosology;Антибиотики системного действия;1;антибиотики системного действия
nosology;Аутоиммунный гепатит;1;аутоиммунный гепатит
nosology;Ацидоз;1;ацидоз
nosology;Белково-энергетическая недостаточность неуточненная;1;белково-энергетическая недостаточность неуточненная
nosology;Блефарит;1;блефарит
nosology;Болезнь Крона неуточненная;1;болезнь крона неуточненная
nosology;Ветряная оспа [varicella];1;ветряная оспа [varicella]
nosology;Вирусная кишечная инфекция неуточненная;1;вирусная кишечная инфекция неуточненная
nosology;Воздействие атмосферного давления и давления воды;1;воздействие атмосферного давления и давления воды
nosology;Воздействие производственных факторов риска;1;воздействие производственных факторов риска
nosology;Воспалительная болезнь шейки матки;1;воспалительная болезнь шейки матки
nosology;Воспалительная полиартропатия;1;воспалительная полиартропатия
nosology;Гастроэнтерит и колит неуточненного происхождения;1;гастроэнтерит и колит неуточненного происхождения
nosology;Гиперкинетические расстройства;1;гиперкинетические расстройства
nosology;Гиперлипидемия неуточненная;1;гиперлипидемия неуточненная
nosology;Гиперхиломикронемия;1;гиперхиломикронемия
nosology;Гипогликемия неуточненная;1;гипогликемия неуточненная
nosology;Гипотермия;1;гипотермия
nosology;Доброкачественная внутричерепная гипертензия;1;доброкачественная внутричерепная гипертензия
nosology;Доброкачественное пароксизмальное головокружение;1;доброкачественное пароксизмальное головокружение
nosology;Другая и неуточненная кишечная непроходимость;1;другая и неуточненная кишечная непроходимость
nosology;ДРУГИЕ ВИДЫ НЕДОСТАТОЧНОСТИ ПИТАНИЯ;1;другие виды недостаточности питания
nosology;Другие виды шока;1;другие виды шока
nosology;Другие воспалительные болезни влагалища и вульвы;1;другие воспалительные болезни влагалища и вульвы
nosology;Другие воспалительные спондилопатии;1;другие воспалительные спондилопатии
nosology;Другие гиперлипидемии;1;другие гиперлипидемии
nosology;Другие и неуточненные кожные изменения;1;другие и неуточненные кожные изменения
nosology;Другие конъюнктивальные васкулярные болезни и кисты;1;другие конъюнктивальные васкулярные болезни и кисты
nosology;Другие неинфекционные болезни лимфатических сосудов и лимфатических узлов;1;другие неинфекционные болезни лимфатических сосудов и лимфатических узлов
nosology;Другие осложнения хирургических и терапевтических вмешательств, не классифицированные в других рубриках;1;другие осложнения хирургических и терапевтических вмешательств, не классифицированные в других рубриках
nosology;Другие системные поражения соединительной ткани;1;другие системные поражения соединительной ткани
nosology;Другие уточненные болезни желчного пузыря;1;другие уточненные болезни желчного пузыря
nosology;Другие уточненные нарушения обмена аминокислот;1;другие уточненные нарушения обмена аминокислот
nosology;Другие уточненные неинфекционные гастроэнтериты и колиты;1;другие уточненные неинфекционные гастроэнтериты и колиты
nosology;Другие формы острой ишемической болезни сердца;1;другие формы острой ишемической болезни сердца
nosology;Другие энтезопатии;1;другие энтезопатии
nosology;Другой вид профилактической химиотерапии;1;другой вид профилактической химиотерапии
nosology;Дыхательная недостаточность, не классифицированная в других рубриках;1;дыхательная недостаточность, не классифицированная в других рубриках
nosology;Зуд;1;зуд
nosology;Изменение зубов и их опорного аппарата неуточненное;1;изменение зубов и их опорного аппарата неуточненное
nosology;Инородное тело в ухе;1;инородное тело в ухе
nosology;Кератит;1;кератит
nosology;Клещевой вирусный энцефалит;1;клещевой вирусный энцефалит
nosology;Легкое когнитивное расстройство;1;легкое когнитивное расстройство
nosology;Легочно-сердечная недостаточность неуточненная;1;легочно-сердечная недостаточность неуточненная
nosology;Легочный отек;1;легочный отек
nosology;Местноанестезирующие средства;1;местноанестезирующие средства
nosology;Микоз стоп;1;микоз стоп
nosology;Нарушение проводимости неуточненное;1;нарушение проводимости неуточненное
nosology;Нарушения обмена цикла мочевины;1;нарушения обмена цикла мочевины
nosology;Недостаточность аскорбиновой кислоты;1;недостаточность аскорбиновой кислоты
nosology;Недостаточность других витаминов группы B;1;недостаточность других витаминов группы b
nosology;Недостаточность многих элементов питания;1;недостаточность многих элементов питания
nosology;Недостаточность пиридоксина;1;недостаточность пиридоксина
nosology;Недостаточность питания неуточненная;1;недостаточность питания неуточненная
nosology;Недостаточность элементов питания неуточненная;1;недостаточность элементов питания неуточненная
nosology;Непроизвольное мочеиспускание;1;непроизвольное мочеиспускание
nosology;Новообразование неопределенного или неизвестного характера более чем одной эндокринной железы;1;новообразование неопределенного или неизвестного характера более чем одной эндокринной железы
nosology;Обсессивно-компульсивное расстройство;1;обсессивно-компульсивное расстройство
nosology;Опоясывающий лишай с другими осложнениями со стороны нервной системы;1;опоясывающий лишай с другими осложнениями со стороны нервной системы
nosology;Органическое эмоционально лабильное [астеническое] расстройство;1;органическое эмоционально лабильное [астеническое] расстройство
nosology;Остановка сердца;1;остановка сердца
nosology;Острая амебная дизентерия;1;острая амебная дизентерия
nosology;Острый атопический конъюнктивит;1;острый атопический конъюнктивит
nosology;Острый перитонит;1;острый перитонит
nosology;Отек мозга;1;отек мозга
nosology;Отравление другими опиоидами;1;отравление другими опиоидами
nosology;Отравление противосудорожными, седативными, снотворными и противопаркинсоническими средствами;1;отравление противосудорожными, седативными, снотворными и противопаркинсоническими средствами
nosology;Панкреатическая стеаторея;1;панкреатическая стеаторея
nosology;Патологическая секреция гастрина;1;патологическая секреция гастрина
nosology;Перенесенный в прошлом инфаркт миокарда;1;перенесенный в прошлом инфаркт миокарда
nosology;Пилороспазм, не классифицированный в других рубриках;1;пилороспазм, не классифицированный в других рубриках
nosology;Полиартрит неуточненный;1;полиартрит неуточненный
nosology;Полиурия;1;полиурия
nosology;Поражения лицевого нерва;1;поражения лицевого нерва
nosology;Поражения нервных корешков и сплетений;1;поражения нервных корешков и сплетений
nosology;Последствия инсульта, не уточненные как кровоизлияние или инфаркт мозга;1;последствия инсульта, не уточненные как кровоизлияние или инфаркт мозга
nosology;Последствия травм, неуточненных по локализации;1;последствия травм, неуточненных по локализации
nosology;Постконтузионный синдром;1;постконтузионный синдром
nosology;Предсердно-желудочковая [атриовентрикулярная] блокада и блокада левой ножки пучка Гиса;1;предсердно-желудочковая [атриовентрикулярная] блокада и блокада левой ножки пучка гиса
nosology;Преждевременные роды;1;преждевременные роды
nosology;Противоревматические средства;1;противоревматические средства
nosology;Расстройства поведения;1;расстройства поведения
nosology;Расстройство системы пищеварения в перинатальном периоде неуточненное;1;расстройство системы пищеварения в перинатальном периоде неуточненное
nosology;Ревматизм неуточненный;1;ревматизм неуточненный
nosology;Ревматоидный артрит неуточненный;1;ревматоидный артрит неуточненный
nosology;Рецидивирующие афты полости рта;1;рецидивирующие афты полости рта
nosology;Серная пробка;1;серная пробка
nosology;Склерит;1;склерит
nosology;Состояние выздоровления;1;состояние выздоровления
nosology;Состояние выздоровления после хирургического вмешательства;1;состояние выздоровления после хирургического вмешательства
nosology;Травматический шок;1;травматический шок
nosology;Тревожное расстройство неуточненное;1;тревожное расстройство неуточненное
nosology;Туберкулез других органов;1;туберкулез других органов
nosology;Функциональное нарушение кишечника неуточненное;1;функциональное нарушение кишечника неуточненное
nosology;Хондромаляция надколенника;1;хондромаляция надколенника
nosology;Хроническая язва кожи, не классифицированная в других рубриках;1;хроническая язва кожи, не классифицированная в других рубриках
nosology;Хронический вирусный гепатит B с дельта-агентом;1;хронический вирусный гепатит b с дельта-агентом
nosology;Энурез неорганической природы;1;энурез неорганической природы
nosology;Эритема узловатая;1;эритема узловатая
nosology;Эффекты воздействия высокой температуры и света;1;эффекты воздействия высокой температуры и света
nosology;Язва заднего прохода и прямой кишки;1;язва заднего прохода и прямой кишки
nosology;Язвенный (хронический) проктит;1;язвенный (хронический) проктит
nosology;Язвенный (хронический) ректосигмоидит;1;язвенный (хронический) ректосигмоидит
active_ingredient;Амлодипин;119;амлодипин
active_ingredient;Парацетамол;116;парацетамол
active_ingredient;Аскорбиновая кислота;109;аскорбиновая кислота
active_ingredient;Гидрохлоротиазид;74;гидрохлоротиазид
active_ingredient;Периндоприл;70;периндоприл
active_ingredient;Розувастатин;62;розувастатин
active_ingredient;Индапамид;55;индапамид
active_ingredient;Телмисартан;50;телмисартан
active_ingredient;Фенилэфрин;49;фенилэфрин
active_ingredient;Ибупрофен;47;ибупрофен
active_ingredient;Лизиноприл;44;лизиноприл
active_ingredient;Бисопролол;43;бисопролол
active_ingredient;Валсартан;43;валсартан
active_ingredient;Лозартан;39;лозартан
active_ingredient;Хондроитинсульфат;35;хондроитинсульфат
active_ingredient;Глюкозамина сульфат;33;глюкозамина сульфат
active_ingredient;Эвкалипта масло;33;эвкалипта масло
active_ingredient;Ментол;32;ментол
active_ingredient;Морская вода;31;морская вода
active_ingredient;Амилметакрезол;30;амилметакрезол
active_ingredient;Дихлорбензиловый спирт;30;дихлорбензиловый спирт
active_ingredient;Метопролол;30;метопролол
active_ingredient;Аторвастатин;29;аторвастатин
active_ingredient;Диосмин;28;диосмин
active_ingredient;Фенирамин;28;фенирамин
active_ingredient;Эналаприл;28;эналаприл
active_ingredient;Кетопрофен;27;кетопрофен
active_ingredient;Пиридоксина гидрохлорид (В6);27;пиридоксина гидрохлорид (в6)
active_ingredient;Бензидамин;25;бензидамин
active_ingredient;Бифидобактерии бифидум;25;бифидобактерии бифидум
active_ingredient;Диклофенак;25;диклофенак
active_ingredient;Камфора;23;камфора
active_ingredient;Панкреатин;23;панкреатин
active_ingredient;Гесперидин;22;гесперидин
active_ingredient;Метамизол натрия;22;метамизол натрия
active_ingredient;Троксерутин;22;троксерутин
active_ingredient;Хлорфенамин;22;хлорфенамин
active_ingredient;Эторикоксиб;22;эторикоксиб
active_ingredient;Кальция карбонат;21;кальция карбонат
active_ingredient;Нимесулид;21;нимесулид
active_ingredient;Рамиприл;21;рамиприл
active_ingredient;Глицин;20;глицин
active_ingredient;Лидокаин;20;лидокаин
active_ingredient;Мяты перечной масло;20;мяты перечной масло
active_ingredient;Бензокаин;19;бензокаин
active_ingredient;Мелоксикам;19;мелоксикам
active_ingredient;Рутин (рутозид);19;рутин (рутозид)
active_ingredient;Тиамин (В1);19;тиамин (в1)
active_ingredient;Торасемид;19;торасемид
active_ingredient;Этилметилгидроксипиридина сукцинат;19;этилметилгидроксипиридина сукцинат
active_ingredient;Кофеин;18;кофеин
active_ingredient;Лактобактерии ацидофильные;17;лактобактерии ацидофильные
active_ingredient;Рабепразол;17;рабепразол
active_ingredient;Цетилпиридиния хлорид;17;цетилпиридиния хлорид
active_ingredient;Винпоцетин;16;винпоцетин
active_ingredient;Йод;16;йод
active_ingredient;Урсодезоксихолевая кислота;16;урсодезоксихолевая кислота
active_ingredient;Гепарин натрия;15;гепарин натрия
active_ingredient;Грамицидин;15;грамицидин
active_ingredient;Моксонидин;15;моксонидин
active_ingredient;Папаверин;15;папаверин
active_ingredient;Триметазидин;15;триметазидин
active_ingredient;Амброксол;14;амброксол
active_ingredient;Бромгексин;14;бромгексин
active_ingredient;Диоксид кремния;14;диоксид кремния
active_ingredient;Магния гидроксид;14;магния гидроксид
active_ingredient;Натрия гидрокарбонат;14;натрия гидрокарбонат
active_ingredient;Экстракт солодки;14;экстракт солодки
active_ingredient;Гинкго Билоба;13;гинкго билоба
active_ingredient;Декспантенол;13;декспантенол
active_ingredient;Лоперамид;13;лоперамид
active_ingredient;Натрия альгинат;13;натрия альгинат
active_ingredient;Расторопши пятнистой экстракт (Силимарин);13;расторопши пятнистой экстракт (силимарин)
active_ingredient;Рибофлавин (В2);13;рибофлавин (в2)
active_ingredient;Токоферол;13;токоферол
active_ingredient;Цианокобаламин (В12);13;цианокобаламин (в12)
active_ingredient;Ацетилсалициловая кислота;12;ацетилсалициловая кислота
active_ingredient;Глицерол;12;глицерол
active_ingredient;Кандесартан;12;кандесартан
active_ingredient;Ксилометазолин;12;ксилометазолин
active_ingredient;Римантадин;12;римантадин
active_ingredient;Симетикон;12;симетикон
active_ingredient;Цитиколин;12;цитиколин
active_ingredient;Алгелдрат;11;алгелдрат
active_ingredient;Ацетилцистеин;11;ацетилцистеин
active_ingredient;Гопантеновая кислота;11;гопантеновая кислота
active_ingredient;Домперидон;11;домперидон
active_ingredient;Ирбесартан;11;ирбесартан
active_ingredient;Коэнзим Q10;11;коэнзим q10
active_ingredient;Левоментол;11;левоментол
active_ingredient;Мельдоний ;11;мельдоний 
active_ingredient;Нифедипин;11;нифедипин
active_ingredient;Пирацетам;11;пирацетам
active_ingredient;Фенобарбитал;11;фенобарбитал
active_ingredient;Атенолол;10;атенолол
active_ingredient;Бендазол;10;бендазол
active_ingredient;Дротаверин;10;дротаверин
active_ingredient;Ивабрадин;10;ивабрадин
active_ingredient;Калия йодид;10;калия йодид
active_ingredient;Кальция глюконат;10;кальция глюконат
active_ingredient;Кеторолак;10;кеторолак
active_ingredient;Магния карбонат;10;магния карбонат
active_ingredient;Напроксен;10;напроксен
active_ingredient;Оксиметазолин;10;оксиметазолин
active_ingredient;Омепразол;10;омепразол
active_ingredient;Смесь гомеопатическая;10;смесь гомеопатическая
active_ingredient;Уголь активированный;10;уголь активированный
active_ingredient;Целекоксиб;10;целекоксиб
active_ingredient;Гвайфенезин;9;гвайфенезин
active_ingredient;Интерферон альфа;9;интерферон альфа
active_ingredient;Калия аспарагинат;9;калия аспарагинат
active_ingredient;Карведилол;9;карведилол
active_ingredient;Лактулоза;9;лактулоза
active_ingredient;Лизатов бактерий смесь;9;лизатов бактерий смесь
active_ingredient;Магния аспарагинат;9;магния аспарагинат
active_ingredient;Метилсульфонилметан;9;метилсульфонилметан
active_ingredient;Пантопразол;9;пантопразол
active_ingredient;Сальбутамол;9;сальбутамол
active_ingredient;Тримебутин;9;тримебутин
active_ingredient;Алтейного корня экстракт;8;алтейного корня экстракт
active_ingredient;Артишока экстракт;8;артишока экстракт
active_ingredient;Ацеклофенак;8;ацеклофенак
active_ingredient;Висмута трикалия дицитрат;8;висмута трикалия дицитрат
active_ingredient;Гексэтидин;8;гексэтидин
active_ingredient;Нафазолин;8;нафазолин
active_ingredient;Нифуроксазид;8;нифуроксазид
active_ingredient;Питофенон;8;питофенон
active_ingredient;Плюща листьев экстракт;8;плюща листьев экстракт
active_ingredient;Фенпивериния бромид;8;фенпивериния бромид
active_ingredient;Фозиноприл;8;фозиноприл
active_ingredient;Хлорталидон;8;хлорталидон
active_ingredient;Холекальциферол (Витамин Д3);8;холекальциферол (витамин д3)
active_ingredient;Эзетимиб;8;эзетимиб
active_ingredient;Экстракт шалфея;8;экстракт шалфея
active_ingredient;Этилбромизовалерианат;8;этилбромизовалерианат
active_ingredient;Декстроза;7;декстроза
active_ingredient;Индометацин;7;индометацин
active_ingredient;Инулин;7;инулин
active_ingredient;Карбоцистеин;7;карбоцистеин
active_ingredient;Левокарнитин;7;левокарнитин
active_ingredient;Натрия пикосульфат;7;натрия пикосульфат
active_ingredient;Натрия хлорид;7;натрия хлорид
active_ingredient;Натрия цитрат;7;натрия цитрат
active_ingredient;Олмесартан медоксомил;7;олмесартан медоксомил
active_ingredient;Подорожника овального семян оболочка/шелуха (Псиллиум);7;подорожника овального семян оболочка/шелуха (псиллиум)
active_ingredient;Раствора ментола в ментиловом эфире кислоты изовалериановой;7;раствора ментола в ментиловом эфире кислоты изовалериановой
active_ingredient;Симвастатин;7;симвастатин
active_ingredient;Тимьяна эк-т;7;тимьяна эк-т
active_ingredient;Фолиевая кислота (В9);7;фолиевая кислота (в9)
active_ingredient;Холина альфосцерат;7;холина альфосцерат
active_ingredient;Шалфея масло;7;шалфея масло
active_ingredient;Экстракт корня солодки голой;7;экстракт корня солодки голой
active_ingredient;Эхинацеи эк-т;7;эхинацеи эк-т
active_ingredient;Янтарная к-та;7;янтарная к-та
active_ingredient;Адеметионин;6;адеметионин
active_ingredient;Азилсартана медоксомил;6;азилсартана медоксомил
active_ingredient;Алтея эк-т;6;алтея эк-т
active_ingredient;Аргинин;6;аргинин
active_ingredient;Гимекромон;6;гимекромон
active_ingredient;Диметилсульфоксид;6;диметилсульфоксид
active_ingredient;Итоприд;6;итоприд
active_ingredient;Калия хлорид;6;калия хлорид
active_ingredient;Каптоприл;6;каптоприл
active_ingredient;Каштана конского экстракт;6;каштана конского экстракт
active_ingredient;Лерканидипин;6;лерканидипин
active_ingredient;Лизоцим;6;лизоцим
active_ingredient;Лоратадин;6;лоратадин
active_ingredient;Мебеверин;6;мебеверин
active_ingredient;Метронидазол;6;метронидазол
active_ingredient;Небиволол;6;небиволол
active_ingredient;Осельтамивир;6;осельтамивир
active_ingredient;Панавир;6;панавир
active_ingredient;Подорожника экстракт;6;подорожника экстракт
active_ingredient;Прокаин;6;прокаин
active_ingredient;Пропранолол;6;пропранолол
active_ingredient;Сакубитрил;6;сакубитрил
active_ingredient;Таурин;6;таурин
active_ingredient;Целлюлоза микрокристаллическая (МКЦ);6;целлюлоза микрокристаллическая (мкц)
active_ingredient;Экстракт корня имбиря;6;экстракт корня имбиря
active_ingredient;Эмблики эк-т;6;эмблики эк-т
active_ingredient;Эссенциальные фосфолипиды;6;эссенциальные фосфолипиды
active_ingredient;Бензилникотинат;5;бензилникотинат
active_ingredient;Гвоздики масло;5;гвоздики масло
active_ingredient;Диоксометилтетрагидропиримидин;5;диоксометилтетрагидропиримидин
active_ingredient;Инозин Пранобекс;5;инозин пранобекс
active_ingredient;Лецитин;5;лецитин
active_ingredient;Лорноксикам;5;лорноксикам
active_ingredient;Месалазин;5;месалазин
active_ingredient;Одуванчика корни эк-т;5;одуванчика корни эк-т
active_ingredient;Орнидазол;5;орнидазол
active_ingredient;Парафин жидкий;5;парафин жидкий
active_ingredient;Пептиды из головного мозга свиньи;5;пептиды из головного мозга свиньи
active_ingredient;Питавастатин;5;питавастатин
active_ingredient;Полиненасыщенные жирные кислоты омега-3;5;полиненасыщенные жирные кислоты омега-3
active_ingredient;Ромашки эк-т;5;ромашки эк-т
active_ingredient;Скипидар;5;скипидар
active_ingredient;Смектит диоктаэдрический;5;смектит диоктаэдрический
active_ingredient;Спиронолактон;5;спиронолактон
active_ingredient;Тилорон;5;тилорон
active_ingredient;Тимол;5;тимол
active_ingredient;Тиотриазолин;5;тиотриазолин
active_ingredient;Цинк;5;цинк
active_ingredient;Чайное дерево масло;5;чайное дерево масло
active_ingredient;Шиповника плодов экстракт;5;шиповника плодов экстракт
active_ingredient;Эзомепразол;5;эзомепразол
active_ingredient;Экстракт имбиря;5;экстракт имбиря
active_ingredient;Эплеренон;5;эплеренон
active_ingredient;Этанол;5;этанол
active_ingredient;Амбазон;4;амбазон
active_ingredient;Аминофенилмасляная к-та;4;аминофенилмасляная к-та
active_ingredient;Антитела к гамма интерферону человека аффинно очищенные;4;антитела к гамма интерферону человека аффинно очищенные
active_ingredient;Атомоксетин;4;атомоксетин
active_ingredient;Белладонны экстракт;4;белладонны экстракт
active_ingredient;Биклотимол;4;биклотимол
active_ingredient;Боярышник плоды;4;боярышник плоды
active_ingredient;Верапамил;4;верапамил
active_ingredient;Гвайазулен;4;гвайазулен
active_ingredient;Гемодериват крови телят депротеинизированный;4;гемодериват крови телят депротеинизированный
active_ingredient;Гидрокортизон;4;гидрокортизон
active_ingredient;Грецкого ореха лист;4;грецкого ореха лист
active_ingredient;Декскетопрофен;4;декскетопрофен
active_ingredient;Дигидрокверцетин;4;дигидрокверцетин
active_ingredient;Дилтиазем;4;дилтиазем
active_ingredient;Дуба кора;4;дуба кора
active_ingredient;Инозин;4;инозин
active_ingredient;Комплекс растительных экстрактов;4;комплекс растительных экстрактов
active_ingredient;Компоненты клеточной оболочки кишечной палочки;4;компоненты клеточной оболочки кишечной палочки
active_ingredient;Лаппаконитина гидробромид;4;лаппаконитина гидробромид
active_ingredient;Магний;4;магний
active_ingredient;Магния сульфат;4;магния сульфат
active_ingredient;Макрогол;4;макрогол
active_ingredient;Мяты масло;4;мяты масло
active_ingredient;Мяты перечной эк-т;4;мяты перечной эк-т
active_ingredient;Ниацин (В3);4;ниацин (в3)
active_ingredient;Никотинамид;4;никотинамид
active_ingredient;Нитроглицерин;4;нитроглицерин
active_ingredient;Ницерголин;4;ницерголин
active_ingredient;Облепихи масло;4;облепихи масло
active_ingredient;Пантотеновая кислота (В5);4;пантотеновая кислота (в5)
active_ingredient;Пектин;4;пектин
active_ingredient;Первоцвета экстракт;4;первоцвета экстракт
active_ingredient;Подорожника листья;4;подорожника листья
active_ingredient;Преднизолон;4;преднизолон
active_ingredient;Рацементол;4;рацементол
active_ingredient;Ромашки цветки;4;ромашки цветки
active_ingredient;Серебра протеинат;4;серебра протеинат
active_ingredient;Солифенацин;4;солифенацин
active_ingredient;Теноксикам;4;теноксикам
active_ingredient;Термопсиса экстракт;4;термопсиса экстракт
active_ingredient;Терпентинное масло;4;терпентинное масло
active_ingredient;Тысячелистника трава;4;тысячелистника трава
active_ingredient;Фамотидин;4;фамотидин
active_ingredient;Фелодипин;4;фелодипин
active_ingredient;Флурбипрофен;4;флурбипрофен
active_ingredient;Фонтурацетам;4;фонтурацетам
active_ingredient;Хвоща полевого трава;4;хвоща полевого трава
active_ingredient;Хлорбутанола гемигидрат;4;хлорбутанола гемигидрат
active_ingredient;Цинка сульфат;4;цинка сульфат
active_ingredient;Цинка цитрат;4;цинка цитрат
active_ingredient;Циннаризин;4;циннаризин
active_ingredient;Эвкалипта экстракт;4;эвкалипта экстракт
active_ingredient;Экстракт корнеплода свеклы;4;экстракт корнеплода свеклы
active_ingredient;Экстракт куркумы;4;экстракт куркумы
active_ingredient;Экстракт сливы домашней;4;экстракт сливы домашней
active_ingredient;Эк-т листьев Малины;4;эк-т листьев малины
active_ingredient;Аконитум;3;аконитум
active_ingredient;Аллантоин;3;аллантоин
active_ingredient;Амилаза;3;амилаза
active_ingredient;Амиодарон;3;амиодарон
active_ingredient;Атропа белладонна;3;атропа белладонна
active_ingredient;Бессмертника цветков экстракт;3;бессмертника цветков экстракт
active_ingredient;Бетаксолол;3;бетаксолол
active_ingredient;Биоактивный концентрат из мелкой морской рыбы;3;биоактивный концентрат из мелкой морской рыбы
active_ingredient;Бриония;3;бриония
active_ingredient;Бромелайн;3;бромелайн
active_ingredient;Водный субстрат кишечной палочки;3;водный субстрат кишечной палочки
active_ingredient;Водный субстрат лактобактерий;3;водный субстрат лактобактерий
active_ingredient;Водный субстрат стафилококка;3;водный субстрат стафилококка
active_ingredient;Гемицеллюлоза;3;гемицеллюлоза
active_ingredient;Гепар сульфурис;3;гепар сульфурис
active_ingredient;Гиалуронат натрия;3;гиалуронат натрия
active_ingredient;Глицерин;3;глицерин
active_ingredient;Даларгин;3;даларгин
active_ingredient;Диацереин;3;диацереин
active_ingredient;Диоксотетрагидрокситетрагидронафталин;3;диоксотетрагидрокситетрагидронафталин
active_ingredient;Желчи экстракт;3;желчи экстракт
active_ingredient;Изосорбида динитрат;3;изосорбида динитрат
active_ingredient;Изосорбида мононитрат;3;изосорбида мононитрат
active_ingredient;Имидазолилэтанамид пентандиовой кислоты;3;имидазолилэтанамид пентандиовой кислоты
active_ingredient;Калиум бихромикум;3;калиум бихромикум
active_ingredient;Калия бромид;3;калия бромид
active_ingredient;Кларитромицин;3;кларитромицин
active_ingredient;Клещевины масло;3;клещевины масло
active_ingredient;Кокарбоксилаза;3;кокарбоксилаза
active_ingredient;Комплекс эфирных масел;3;комплекс эфирных масел
active_ingredient;Корица;3;корица
active_ingredient;Куркума;3;куркума
active_ingredient;Лактобактерии рамнозус;3;лактобактерии рамнозус
active_ingredient;Лансопразол;3;лансопразол
active_ingredient;Лиофилизированные сахаромицеты;3;лиофилизированные сахаромицеты
active_ingredient;Льняное масло;3;льняное масло
active_ingredient;Магния оксид;3;магния оксид
active_ingredient;Мать-и-мачехи листья экстракт;3;мать-и-мачехи листья экстракт
active_ingredient;Мед;3;мед
active_ingredient;Мелиссы эк-т;3;мелиссы эк-т
active_ingredient;Метоклопрамид;3;метоклопрамид
active_ingredient;Мята;3;мята
active_ingredient;Никотиноил-гамма-аминомаслянная кислота;3;никотиноил-гамма-аминомаслянная кислота
active_ingredient;Нонивамид;3;нонивамид
active_ingredient;Ондансетрон;3;ондансетрон
active_ingredient;Оротовая кислота;3;оротовая кислота
active_ingredient;Папаин;3;папаин
active_ingredient;Повидон;3;повидон
active_ingredient;Поливитамины;3;поливитамины
active_ingredient;Прополис;3;прополис
active_ingredient;Ранолазин;3;ранолазин
active_ingredient;Расторопша масло;3;расторопша масло
active_ingredient;Салициловая кислота;3;салициловая кислота
active_ingredient;Соталол;3;соталол
active_ingredient;Тимьяна травы экстракт жидкий;3;тимьяна травы экстракт жидкий
active_ingredient;Фенхеля эк-т;3;фенхеля эк-т
active_ingredient;Фуразолидон;3;фуразолидон
active_ingredient;Фуросемид;3;фуросемид
active_ingredient;Цинка оксид;3;цинка оксид
active_ingredient;Чабреца трава;3;чабреца трава
active_ingredient;Экстракт красных листьев винограда;3;экстракт красных листьев винограда
active_ingredient;Экстракт печени и сердца барбарийской утки;3;экстракт печени и сердца барбарийской утки
active_ingredient;Эк-т пиявки;3;эк-т пиявки
active_ingredient;Яд гадюки;3;яд гадюки
active_ingredient;Lactobacillus acidophilus;2;lactobacillus acidophilus
active_ingredient;Авокадо масло;2;авокадо масло
active_ingredient;Альверин;2;альверин
active_ingredient;Амоксициллин;2;амоксициллин
active_ingredient;Арабиногалактан;2;арабиногалактан
active_ingredient;Арум трифиллум;2;арум трифиллум
active_ingredient;Белладонны настойка;2;белладонны настойка
active_ingredient;Бензалкония хлорид;2;бензалкония хлорид
active_ingredient;Бензоксония хлорид;2;бензоксония хлорид
active_ingredient;Бенциклан;2;бенциклан
active_ingredient;Бетаин;2;бетаин
active_ingredient;Бор;2;бор
active_ingredient;Боярышника плодов эк-т;2;боярышника плодов эк-т
active_ingredient;Валерианы настойка;2;валерианы настойка
active_ingredient;Висмута субгаллат;2;висмута субгаллат
active_ingredient;Витамин К2 (менахинон);2;витамин к2 (менахинон)
active_ingredient;Гельземиум семпервиренс;2;гельземиум семпервиренс
active_ingredient;Гидролизат коллагена;2;гидролизат коллагена
active_ingredient;Гидроталцит;2;гидроталцит
active_ingredient;Гинкго билоба эк-т;2;гинкго билоба эк-т
active_ingredient;Гиосцина бутилбромид;2;гиосцина бутилбромид
active_ingredient;Дезоксирибонуклеат натрия;2;дезоксирибонуклеат натрия
active_ingredient;Декслансопразол;2;декслансопразол
active_ingredient;Декстрометорфан;2;декстрометорфан
active_ingredient;Дигоксин;2;дигоксин
active_ingredient;Диметикон;2;диметикон
active_ingredient;Душицы экстракт;2;душицы экстракт
active_ingredient;Дягиля корни и корневища;2;дягиля корни и корневища
active_ingredient;Жир барсучий;2;жир барсучий
active_ingredient;Зизифуса плоды;2;зизифуса плоды
active_ingredient;Зофеноприл;2;зофеноприл
active_ingredient;Идебенон;2;идебенон
active_ingredient;Имунофан;2;имунофан
active_ingredient;Календула;2;календула
active_ingredient;Кальций;2;кальций
active_ingredient;Карнитин;2;карнитин
active_ingredient;Кобальта хлорид гексагидрат;2;кобальта хлорид гексагидрат
active_ingredient;Коллоидное серебро;2;коллоидное серебро
active_ingredient;Корневища альпинии лекарственной;2;корневища альпинии лекарственной
active_ingredient;Ксилитол;2;ксилитол
active_ingredient;Лактобактерии;2;лактобактерии
active_ingredient;Ламинарии слоевища;2;ламинарии слоевища
active_ingredient;Ландыша настойка;2;ландыша настойка
active_ingredient;Лаурила сульфат;2;лаурила сульфат
active_ingredient;Лауромакрогол 400;2;лауромакрогол 400
active_ingredient;Левамлодипин;2;левамлодипин
active_ingredient;Леспедезы двухцветной побеги;2;леспедезы двухцветной побеги
active_ingredient;Лигнин гидролизный;2;лигнин гидролизный
active_ingredient;Лимона масло;2;лимона масло
active_ingredient;Лиофилизированные штаммы лактобацилл;2;лиофилизированные штаммы лактобацилл
active_ingredient;Липаза;2;липаза
active_ingredient;Магалдрат;2;магалдрат
active_ingredient;Магния лактат;2;магния лактат
active_ingredient;Марганец;2;марганец
active_ingredient;Масло виноградных косточек;2;масло виноградных косточек
active_ingredient;Мать-и-мачехи листья;2;мать-и-мачехи листья
active_ingredient;Меркуриус;2;меркуриус
active_ingredient;Микронизированная целлюлоза растительного происхождения;2;микронизированная целлюлоза растительного происхождения
active_ingredient;Минтил лактат;2;минтил лактат
active_ingredient;Натрия сульфат;2;натрия сульфат
active_ingredient;Нафтидрофурил;2;нафтидрофурил
active_ingredient;Никетамид;2;никетамид
active_ingredient;Нифурател;2;нифурател
active_ingredient;Оксибупрокаин;2;оксибупрокаин
active_ingredient;Орнитин;2;орнитин
active_ingredient;Офлоксацин;2;офлоксацин
active_ingredient;Пепсин;2;пепсин
active_ingredient;Пептиды коллагена;2;пептиды коллагена
active_ingredient;Перца стручкового настойка;2;перца стручкового настойка
active_ingredient;Перца стручкового плоды;2;перца стручкового плоды
active_ingredient;Повидон-йод;2;повидон-йод
active_ingredient;Полигалактуроновые кислоты;2;полигалактуроновые кислоты
active_ingredient;Популюс кандиканс;2;популюс кандиканс
active_ingredient;Пропафенон;2;пропафенон
active_ingredient;Пропифеназон;2;пропифеназон
active_ingredient;Пульсатилла;2;пульсатилла
active_ingredient;Пшеничные отруби;2;пшеничные отруби
active_ingredient;Ребамипид;2;ребамипид
active_ingredient;Ресвератрол (Экстракт красного винограда);2;ресвератрол (экстракт красного винограда)
active_ingredient;Секнидазол;2;секнидазол
active_ingredient;Семакс;2;семакс
active_ingredient;Сеннозиды;2;сеннозиды
active_ingredient;Сенны листья;2;сенны листья
active_ingredient;Соевые бобы масло;2;соевые бобы масло
active_ingredient;Солодки корни;2;солодки корни
active_ingredient;Сорбиновая к-та;2;сорбиновая к-та
active_ingredient;Сорбит;2;сорбит
active_ingredient;Сосны масло;2;сосны масло
active_ingredient;Спирулина;2;спирулина
active_ingredient;Спонгия;2;спонгия
active_ingredient;Сульфаниламид;2;сульфаниламид
active_ingredient;Сульфатиазол серебра;2;сульфатиазол серебра
active_ingredient;Тинидазол;2;тинидазол
active_ingredient;Тиротрицин;2;тиротрицин
active_ingredient;Трибенозид;2;трибенозид
active_ingredient;Трипсин;2;трипсин
active_ingredient;Умифеновир;2;умифеновир
active_ingredient;Фенофибрат;2;фенофибрат
active_ingredient;Феррум фосфорикум;2;феррум фосфорикум
active_ingredient;Химотрипсин;2;химотрипсин
active_ingredient;Хлоргексидин;2;хлоргексидин
active_ingredient;Ципрофлоксацин;2;ципрофлоксацин
active_ingredient;Чаги экстракт;2;чаги экстракт
active_ingredient;Черной смородины лист;2;черной смородины лист
active_ingredient;Шиповника плоды;2;шиповника плоды
active_ingredient;Экстракт алоэ;2;экстракт алоэ
active_ingredient;Экстракт базилика;2;экстракт базилика
active_ingredient;Экстракт зародышей пшеницы;2;экстракт зародышей пшеницы
active_ingredient;Экстракт коры белой ивы;2;экстракт коры белой ивы
active_ingredient;Экстракт листьев готу Кола;2;экстракт листьев готу кола
active_ingredient;Экстракт плодов циамопсиса четырехкрыльникового;2;экстракт плодов циамопсиса четырехкрыльникового
active_ingredient;Экстракт смолы босвеллии;2;экстракт смолы босвеллии
active_ingredient;Эк-т дягиля;2;эк-т дягиля
active_ingredient;Эк-т листьев адхатоды;2;эк-т листьев адхатоды
active_ingredient;Эк-т листьев и цветков оносмы;2;эк-т листьев и цветков оносмы
active_ingredient;Эк-т листьев иссопы;2;эк-т листьев иссопы
active_ingredient;Эк-т листьев Облепихи;2;эк-т листьев облепихи
active_ingredient;Эк-т плодов и корней перца;2;эк-т плодов и корней перца
active_ingredient;Эк-т плодов кордии;2;эк-т плодов кордии
active_ingredient;Эк-т цветков фиалки;2;эк-т цветков фиалки
active_ingredient;Эноксолон;2;эноксолон
active_ingredient;Эрдостеин;2;эрдостеин
active_ingredient;Эстер- С (кальция аскорбат);2;эстер- с (кальция аскорбат)
active_ingredient;Этилметилгидроксипиридина малат;2;этилметилгидроксипиридина малат
active_ingredient;Bifidobacterium lactis;1;bifidobacterium lactis
active_ingredient;D,L-Гопантеновая кислота;1;d,l-гопантеновая кислота
active_ingredient;Lactobacillus paracasei;1;lactobacillus paracasei
active_ingredient;Lactobacillus reuteri;1;lactobacillus reuteri
active_ingredient;Lactobacillus rhamnosus GG;1;lactobacillus rhamnosus gg
active_ingredient;L-метионин;1;l-метионин
active_ingredient;Pediococcus acidilactici;1;pediococcus acidilactici
active_ingredient;Азоксимера бромид;1;азоксимера бромид
active_ingredient;Аллилизотиоцианат;1;аллилизотиоцианат
active_ingredient;Аллиум сепа;1;аллиум сепа
active_ingredient;Альфа-глутамил-триптофан;1;альфа-глутамил-триптофан
active_ingredient;Алюминия гидроксид;1;алюминия гидроксид
active_ingredient;Аминодигидрофталазиндион натрия;1;аминодигидрофталазиндион натрия
active_ingredient;Амтолметил гуацил;1;амтолметил гуацил
active_ingredient;Аниса масло;1;аниса масло
active_ingredient;Антитела к CD4 аффинно очищенные;1;антитела к cd4 аффинно очищенные
active_ingredient;Антитела к гистамину аффинно очищенные;1;антитела к гистамину аффинно очищенные
active_ingredient;Антитела к мозгоспецифическому белку S-100 аффинно очищенные;1;антитела к мозгоспецифическому белку s-100 аффинно очищенные
active_ingredient;Антитела к человеческому фактору некроза опухоли альфа аффинно очищенные;1;антитела к человеческому фактору некроза опухоли альфа аффинно очищенные
active_ingredient;Аргентум нитрикум;1;аргентум нитрикум
active_ingredient;Аскорбат магния;1;аскорбат магния
active_ingredient;Аскорбат натрия;1;аскорбат натрия
active_ingredient;Астаксантин;1;астаксантин
active_ingredient;Ацетазоламид;1;ацетазоламид
active_ingredient;Ацетилкарнитин;1;ацетилкарнитин
active_ingredient;Беклометазон;1;беклометазон
active_ingredient;Бисакодил;1;бисакодил
active_ingredient;Босвелии пильчатой экстракт;1;босвелии пильчатой экстракт
active_ingredient;Будесонид;1;будесонид
active_ingredient;Бузины цветки;1;бузины цветки
active_ingredient;Буфексамак;1;буфексамак
active_ingredient;Вазелин;1;вазелин
active_ingredient;Вербены трава;1;вербены трава
active_ingredient;Висмута нитрат;1;висмута нитрат
active_ingredient;Висмута субнитрат;1;висмута субнитрат
active_ingredient;Висмута трибромфенат (ксероформ);1;висмута трибромфенат (ксероформ)
active_ingredient;Витамин К;1;витамин к
active_ingredient;Гамма-аминомасляная кислота;1;гамма-аминомасляная кислота
active_ingredient;Гиалуроновая к-та;1;гиалуроновая к-та
active_ingredient;Гидраргирум бийодатум;1;гидраргирум бийодатум
active_ingredient;Гидролизат плаценты человека;1;гидролизат плаценты человека
active_ingredient;Глицинат магния;1;глицинат магния
active_ingredient;Глицинат цинка;1;глицинат цинка
active_ingredient;Глицирризиновая кислота;1;глицирризиновая кислота
active_ingredient;Глутаминовая кислота;1;глутаминовая кислота
active_ingredient;Глюкоза;1;глюкоза
active_ingredient;Глюкозаминилмурамилдипептид;1;глюкозаминилмурамилдипептид
active_ingredient;Глюкоманнан;1;глюкоманнан
active_ingredient;Горечавка корни;1;горечавка корни
active_ingredient;Деанола ацеглумат;1;деанола ацеглумат
active_ingredient;Девясила корневища и корни;1;девясила корневища и корни
active_ingredient;Дексаметазон;1;дексаметазон
active_ingredient;Дигидроэргокриптина мезилат;1;дигидроэргокриптина мезилат
active_ingredient;Дигидроэргокристин;1;дигидроэргокристин
active_ingredient;Дикого чеснока эк-т;1;дикого чеснока эк-т
active_ingredient;Дименгидринат;1;дименгидринат
active_ingredient;Диметилоксобутилфосфонилдиметилат;1;диметилоксобутилфосфонилдиметилат
active_ingredient;Дрожжевая культура инактивированная;1;дрожжевая культура инактивированная
active_ingredient;Душица трава;1;душица трава
active_ingredient;Дымянки экстракт;1;дымянки экстракт
active_ingredient;Желатина таннат;1;желатина таннат
active_ingredient;Желчь медицинская;1;желчь медицинская
active_ingredient;Золототысячник экстракт;1;золототысячник экстракт
active_ingredient;Ивы коры экстракт;1;ивы коры экстракт
active_ingredient;Имбиря лекарственного масло;1;имбиря лекарственного масло
active_ingredient;Ипекакуана;1;ипекакуана
active_ingredient;Ихтаммол;1;ихтаммол
active_ingredient;Кагоцел;1;кагоцел
active_ingredient;Калия гидрокарбонат;1;калия гидрокарбонат
active_ingredient;Калия сульфат;1;калия сульфат
active_ingredient;Кальция добезилат;1;кальция добезилат
active_ingredient;Клевер луговой трава;1;клевер луговой трава
active_ingredient;Клевера эк-т;1;клевера эк-т
active_ingredient;Кленбутерол;1;кленбутерол
active_ingredient;Клопамид;1;клопамид
active_ingredient;Клотримазол;1;клотримазол
active_ingredient;Коллаген;1;коллаген
active_ingredient;Комплекс NEM;1;комплекс nem
active_ingredient;Комплексный иммуноглобулиновый препарат сухой (КПИ);1;комплексный иммуноглобулиновый препарат сухой (кпи)
active_ingredient;Концентрат изофлавонов (из бобов сои);1;концентрат изофлавонов (из бобов сои)
active_ingredient;Крапивы лист;1;крапивы лист
active_ingredient;Красавки экстракт;1;красавки экстракт
active_ingredient;Куркумин;1;куркумин
active_ingredient;Лактаза;1;лактаза
active_ingredient;Лактитол;1;лактитол
active_ingredient;Лактоза;1;лактоза
active_ingredient;Ланолин;1;ланолин
active_ingredient;Лебенин;1;лебенин
active_ingredient;Ликопин из томатов;1;ликопин из томатов
active_ingredient;Люффа оперкулата;1;люффа оперкулата
active_ingredient;Мальтодекстрин;1;мальтодекстрин
active_ingredient;Марганца глицинат хелат;1;марганца глицинат хелат
active_ingredient;Марганца сульфата моногидрант;1;марганца сульфата моногидрант
active_ingredient;Мартинии душистой эк-т;1;мартинии душистой эк-т
active_ingredient;Масло жожоба;1;масло жожоба
active_ingredient;Масляная к-та;1;масляная к-та
active_ingredient;Меди сульфат;1;меди сульфат
active_ingredient;Медь;1;медь
active_ingredient;Ментол (Рацементол);1;ментол (рацементол)
active_ingredient;Метилдопа;1;метилдопа
active_ingredient;Метиленовый синий;1;метиленовый синий
active_ingredient;Метилметионинсульфоний (Витамин U);1;метилметионинсульфоний (витамин u)
active_ingredient;Метилсалицилат;1;метилсалицилат
active_ingredient;Мирабегрон;1;мирабегрон
active_ingredient;Можжевеловое масло;1;можжевеловое масло
active_ingredient;Молсидомин;1;молсидомин
active_ingredient;Морковь сушеная;1;морковь сушеная
active_ingredient;Мукоза назалис суис;1;мукоза назалис суис
active_ingredient;Мускатного ореха масло;1;мускатного ореха масло
active_ingredient;Мяты перечной листья;1;мяты перечной листья
active_ingredient;Никобоксил;1;никобоксил
active_ingredient;Никорандил;1;никорандил
active_ingredient;Овса посевного трава;1;овса посевного трава
active_ingredient;Оксибутинин;1;оксибутинин
active_ingredient;Оксиэтиламмония метилфеноксиацетат;1;оксиэтиламмония метилфеноксиацетат
active_ingredient;Пентаэритритила тетранитрат;1;пентаэритритила тетранитрат
active_ingredient;Первоцвета цветки;1;первоцвета цветки
active_ingredient;Пинаверия бромид;1;пинаверия бромид
active_ingredient;Пиритинол;1;пиритинол
active_ingredient;Пироксикам;1;пироксикам
active_ingredient;Пихты масло;1;пихты масло
active_ingredient;Плоды абрикоса;1;плоды абрикоса
active_ingredient;Полипептиды коры головного мозга скота;1;полипептиды коры головного мозга скота
active_ingredient;Полоксамер 407;1;полоксамер 407
active_ingredient;Порошок плода кайенского перца;1;порошок плода кайенского перца
active_ingredient;Порошок плодов красного стручкового перца;1;порошок плодов красного стручкового перца
active_ingredient;Порошок топинамбура;1;порошок топинамбура
active_ingredient;Прилокаин;1;прилокаин
active_ingredient;Пробиотик Streptococcus salivarius К12;1;пробиотик streptococcus salivarius к12
active_ingredient;Пустырника эк-т;1;пустырника эк-т
active_ingredient;Пчелиный яд;1;пчелиный яд
active_ingredient;Раувольфии алколоиды;1;раувольфии алколоиды
active_ingredient;Рацекадотрил;1;рацекадотрил
active_ingredient;Резерпин;1;резерпин
active_ingredient;Резорцин;1;резорцин
active_ingredient;Ресвератрол (Экстракт горца гребенчатого);1;ресвератрол (экстракт горца гребенчатого)
active_ingredient;Рилменидин;1;рилменидин
active_ingredient;Рифамицин;1;рифамицин
active_ingredient;Рыбий жир;1;рыбий жир
active_ingredient;Сабадилла;1;сабадилла
active_ingredient;Сабельника эк-т;1;сабельника эк-т
active_ingredient;Селен;1;селен
active_ingredient;Синуситис-Нозоде;1;синуситис-нозоде
active_ingredient;Смесь ферментов;1;смесь ферментов
active_ingredient;Стевии экстракт;1;стевии экстракт
active_ingredient;Сульфаэтидол;1;сульфаэтидол
active_ingredient;Сульфокамфорная к-та;1;сульфокамфорная к-та
active_ingredient;Сушеный абрикос;1;сушеный абрикос
active_ingredient;Титана диоксид;1;титана диоксид
active_ingredient;Трава горца птичьего;1;трава горца птичьего
active_ingredient;Трамазолин;1;трамазолин
active_ingredient;Триамтерен;1;триамтерен
active_ingredient;Триацетонамид 4-толуолсульфонат (темпидон);1;триацетонамид 4-толуолсульфонат (темпидон)
active_ingredient;Триметилглицин  (из свеклы);1;триметилглицин  (из свеклы)
active_ingredient;Трифосаденин;1;трифосаденин
active_ingredient;Тысячелистника эк-т;1;тысячелистника эк-т
active_ingredient;Убидекаренон;1;убидекаренон
active_ingredient;Убихинон;1;убихинон
active_ingredient;Укропа пахучего плоды;1;укропа пахучего плоды
active_ingredient;Укропное масло;1;укропное масло
active_ingredient;Фавипиравир;1;фавипиравир
active_ingredient;Фенилбутазон;1;фенилбутазон
active_ingredient;Флуокортолон;1;флуокортолон
active_ingredient;Фосфокреатин;1;фосфокреатин
active_ingredient;Фосфор;1;фосфор
active_ingredient;Фосфорус;1;фосфорус
active_ingredient;Фрамицетин;1;фрамицетин
active_ingredient;Хлорамфеникол;1;хлорамфеникол
active_ingredient;Хлорофилл;1;хлорофилл
active_ingredient;Хрома пиколинат;1;хрома пиколинат
active_ingredient;Целлекс;1;целлекс
active_ingredient;Цикламена сок;1;цикламена сок
active_ingredient;Цистин;1;цистин
active_ingredient;Цитрусовый пектин;1;цитрусовый пектин
active_ingredient;Черного перца экстракт;1;черного перца экстракт
active_ingredient;Чеснока экстракт;1;чеснока экстракт
active_ingredient;Чесночный порошок;1;чесночный порошок
active_ingredient;Чистотела экс-т;1;чистотела экс-т
active_ingredient;Шалфея листья;1;шалфея листья
active_ingredient;Щавеля трава;1;щавеля трава
active_ingredient;Экстракт адатоды васики;1;экстракт адатоды васики
active_ingredient;Экстракт бычьей желчи;1;экстракт бычьей желчи
active_ingredient;Экстракт виноградной косточки;1;экстракт виноградной косточки
active_ingredient;Экстракт гриба Мейтаке;1;экстракт гриба мейтаке
active_ingredient;Экстракт гриба Рейши;1;экстракт гриба рейши
active_ingredient;Экстракт гриба Шиитаке;1;экстракт гриба шиитаке
active_ingredient;Экстракт девясила;1;экстракт девясила
active_ingredient;Экстракт диоскореи;1;экстракт диоскореи
active_ingredient;Экстракт зеленого чая;1;экстракт зеленого чая
active_ingredient;Экстракт корней гарпагофитума сухой;1;экстракт корней гарпагофитума сухой
active_ingredient;Экстракт корня куркумы;1;экстракт корня куркумы
active_ingredient;Экстракт коры голаррены;1;экстракт коры голаррены
active_ingredient;Экстракт овса;1;экстракт овса
active_ingredient;Экстракт паслена;1;экстракт паслена
active_ingredient;Экстракт перца кубебы;1;экстракт перца кубебы
active_ingredient;Экстракт плода черного перца Биоперин;1;экстракт плода черного перца биоперин
active_ingredient;Экстракт плодов айвы бенгальской;1;экстракт плодов айвы бенгальской
active_ingredient;Экстракт плодов барбариса;1;экстракт плодов барбариса
active_ingredient;Экстракт плодов бутеи великолепной;1;экстракт плодов бутеи великолепной
active_ingredient;Экстракт плодов дуба;1;экстракт плодов дуба
active_ingredient;Экстракт плодов мирта обыкновенного;1;экстракт плодов мирта обыкновенного
active_ingredient;Экстракт сосны;1;экстракт сосны
active_ingredient;Экстракт терминалии белерики;1;экстракт терминалии белерики
active_ingredient;Экстракт хряща;1;экстракт хряща
active_ingredient;Эк-т иберийки горькой;1;эк-т иберийки горькой
active_ingredient;Эк-т тмина;1;эк-т тмина
active_ingredient;Эктоин;1;эктоин
active_ingredient;Эпинефрин;1;эпинефрин
active_ingredient;Эсцин;1;эсцин
active_ingredient;Этацизин;1;этацизин
active_ingredient;Этодолак;1;этодолак
active_ingredient;Эуфорбиум;1;эуфорбиум
active_ingredient;Яблочный пектин;1;яблочный пектин
product_group;простуда и грипп;681;простуда и грипп
product_group;домашняя аптечка;545;домашняя аптечка
product_group;аптечка путешественника;352;аптечка путешественника
product_group;кашель;249;кашель
product_group;для памяти;168;для памяти
product_group;от боли в горле;131;от боли в горле
product_group;ангина;125;ангина
product_group;для носа;96;для носа
product_group;коронавирус;96;коронавирус
product_group;температура;86;температура
product_group;болеутоляющие;76;болеутоляющие
product_group;жар;68;жар
product_group;противовирусные;65;противовирусные
product_group;для печени;49;для печени
product_group;сопли;49;сопли
product_group;от головной боли;44;от головной боли
product_group;иммунитет;39;иммунитет
product_group;от геморроя;38;от геморроя
product_group;ингавирин;38;ингавирин
product_group;лекарства от изжоги;36;лекарства от изжоги
product_group;для суставов;33;для суставов
product_group;понос;24;понос
product_group;сегодня покупают;23;сегодня покупают
product_group;выгодно;18;выгодно
product_group;пробиотики и пребиотики;18;пробиотики и пребиотики
product_group;морская вода;18;морская вода
product_group;свечи;17;свечи
product_group;аквамарис;16;аквамарис
product_group;нурофен;13;нурофен
product_group;здоровье ног;13;здоровье ног
product_group;полисорб;12;полисорб
product_group;энтеросорбенты;12;энтеросорбенты
product_group;звездочка;12;звездочка
product_group;мовалис;12;мовалис
product_group;терафлю;10;терафлю
product_group;ноотроп;10;ноотроп
product_group;доппельгерц;10;доппельгерц
product_group;для всей семьи;9;для всей семьи
product_group;джонсон;9;джонсон
product_group;от тошноты рвоты;9;от тошноты рвоты
product_group;горчичник;9;горчичник
product_group;нэйчес баунти;8;нэйчес баунти
product_group;пребиотики;8;пребиотики
product_group;дюфалак;8;дюфалак
product_group;слабительные средства;7;слабительные средства
product_group;панкреатин;7;панкреатин
product_group;венарус;7;венарус
product_group;детралекс;7;детралекс
product_group;мезим;7;мезим
product_group;с трех лет;6;с трех лет
product_group;пенталгин;5;пенталгин
product_group;для сосудов;5;для сосудов
product_group;для сердца;5;для сердца
product_group;нау фудс;5;нау фудс
product_group;мексидол;5;мексидол
product_group;моксонидин;4;моксонидин
product_group;эссенциале;4;эссенциале
product_group;дона;4;дона
product_group;для детей;4;для детей
product_group;варикоз;4;варикоз
product_group;ферменты январь;4;ферменты январь
product_group;вены;4;вены
product_group;троксевазин;4;троксевазин
product_group;горячее питье;4;горячее питье
product_group;флебодия;4;флебодия
product_group;флуимуцил антибиотик;4;флуимуцил антибиотик
product_group;хондропротекторы январь;4;хондропротекторы январь
product_group;парацетамол;4;парацетамол
product_group;омега 3;4;омега 3
product_group;линекс;4;линекс
product_group;имодиум;3;имодиум
product_group;дыши;3;дыши
product_group;алфлутоп;3;алфлутоп
product_group;баксет;3;баксет
product_group;хилак форте;3;хилак форте
product_group;бифиформ;3;бифиформ
product_group;хофитол;3;хофитол
product_group;першение;3;першение
product_group;артра;3;артра
product_group;пищеварение;3;пищеварение
product_group;максилак;3;максилак
product_group;трекрезан;2;трекрезан
product_group;гевискон;2;гевискон
product_group;фосфоглив;2;фосфоглив
product_group;маалокс;2;маалокс
product_group;ингаляция;2;ингаляция
product_group;микролакс;2;микролакс
product_group;фестал;2;фестал
product_group;ренни;2;ренни
product_group;энзистал;2;энзистал
product_group;найз;2;найз
product_group;лизобакт;2;лизобакт
product_group;витамины для всей семьи.;2;витамины для всей семьи.
product_group;диосмин;2;диосмин
product_group;дротаверин;1;дротаверин
product_group;вальтарен;1;вальтарен
product_group;лекарства для похудения;1;лекарства для похудения
product_group;синупрет;1;синупрет
product_group;артракам;1;артракам
product_group;ницерголин;1;ницерголин
product_group;коррекция фигуры;1;коррекция фигуры
product_group;смекта;1;смекта
product_group;гербион;1;гербион
product_group;солгар;1;солгар
product_group;омакор;1;омакор
product_group;дюспаталин;1;дюспаталин
product_group;solgar;1;solgar
product_group;спазм;1;спазм
product_group;аквалор бэби;1;аквалор бэби
product_group;мелоксикам;1;мелоксикам
product_group;креон;1;креон
product_group;пробиотики;1;пробиотики
product_group;цинк;1;цинк
product_group;heel;1;heel
product_group;ибупрофен детский;1;ибупрофен детский
product_group;овесол;1;овесол
product_group;арепливир;1;арепливир
product_group;троксерутин;1;троксерутин
